name,time,zwid
Antti Valve (FZR),27.393,195687
~ Cycopath ~ (Team Vegan) ,28.353,70177
Hywel Davies (BRT),29.159,1119043
Tim Elskens (SPSD),29.196,861277
H-G Becker (VZT) &#128062;,29.679,1765
Nick Hird (CRYO RDT Men),29.903,54593
Olivier Symoens,31.126,1515010
Alex TenElshof (Finesse),31.44,485822
Robert McEwan (TFC Typhoon),32.054,619770
Duncan Johnson (OTR),32.165,2124922
